keyword,volumen,dificultad
agencia seo,720,13
agencia de marketing digital,720,34
google ads,27100,37
meta ads,6600,8
posicionamiento web,210,39
seo con ia,10,34
agencia seo chile,260,13
agencia seo seoluciones.com,170,27
agencia seo en chile,170,20
posicionamiento web o seo,90,24
agencia seo madrid,90,21
posicionamiento web seo chile,90,19
posicionamiento web en chile,90,7
posicionamiento web chile,70,19
agencia seo en madrid,70,18
posicionamiento web seo,70,29
google posicionamiento web,70,22
agencia posicionamiento web,50,17
agencia seo especializada,50,13
agencia de posicionamiento web,50,9
agencia seo para turismo,30,5
agencia seo iquique,20,5
agencia seo de posicionamiento web,20,5
posicionamiento web valdivia,20,13
agencia seo online,20,25
agencia seo ecommerce,20,15
agencia seo santiago,20,22
posicionamiento web santiago,20,17
que es posicionamiento web,10,5
agencia seo barcelona,10,16
agencia de marketing y posicionamiento web,10,5
posicionamiento seo con ia,10,29
agencia seo interamplify,10,13
agencia seo bogota,10,31
trabajo posicionamiento web,10,13
como mejorar posicionamiento web,10,23
agencia seo precios,10,13
posicionamiento web precios,10,41
herramientas posicionamiento web,10,13
contratar agencia seo,10,13
curso posicionamiento web y marketing digital en buscadores,10,5
posicionamiento web gratis,10,39
consultores de posicionamiento web,10,5
agencia seo local,10,13
agencia seo cerca de mi,10,5
posicionamiento web para empresas,10,5
posicionamiento web precios chile,10,5
agencia seo shopify,10,13
posicionamiento web wordpress,10,13
agencia seo abogados,10,13
ads google ads,27100,30
meta ads library,1600,29
meta ads manager,1300,39
google adwords google ads,720,40
google ads que es,390,51
agencia de marketing digital chile,260,38
que es google ads,260,40
curso google ads,210,21
como funciona google ads,210,22
google ads login,210,52
google ads manager,210,24
cursos de google ads,170,26
google ads chile,170,7
logo google ads,170,21
cursos meta ads,170,36
curso de google ads,140,21
agencia de marketing digital en chile,140,39
google ads transparency,140,26
google ads library,110,14
onza agencia de marketing digital en santiago,110,7
que es meta ads,110,9
campaña google ads,90,31
agencia google ads,90,15
campañas google ads,70,32
meta ads instagram,70,21
google ads certification,70,30
google ads editor,70,16
google ads precios chile,50,7
agencia de marketing digital chile precios,50,25
google ads grants,50,14
publicidad google ads,50,26
agencia de marketing digital santiago,40,10
google ads precio,40,29
agencia de marketing digital en iquique,40,8
google ads gratis,40,28
publicidad en google ads,30,25
asesoria google ads,30,37
agencia de google ads,30,19
agencia meta ads,30,20
expertos google ads,20,24
contratar agencia de marketing digital,20,29
google ads para empresas,20,13
anuncios meta ads,20,28
cuanto cuesta contratar una agencia de marketing digital,20,25
agencia de marketing digital precios,20,5
agencia de marketing digital para pymes,20,36
experto en google ads,20,24
curso de google ads gratis,20,24
campañas meta ads,20,32
palabras clave google ads,20,25
google ads crear cuenta,20,15
especialista google ads,10,19
como crear mi agencia de marketing digital,10,5
diferencia entre google ads y adsense,10,5
google ads me esta cobrando,10,5
agencia de marketing digital temuco,10,10
